"0","redownload=FALSE"
"0","if(redownload){"
"0","jews <- read_csv(""https://labs.statsbiblioteket.dk/labsapi/api/aviser/export/fields?query=%28j%C3%B8d%2A%20OR%20semit%2A%29%20AND%20py%3A%5B1800%20TO%201883%5D&fields=link&fields=recordID&fields=timestamp&fields=pwa&fields=fulltext_org&fields=familyId&fields=lplace&max=-1&structure=header&structure=content&format=CSV"")"
"0","write_csv(jews,file=""./Data/jews.csv"")"
"0","}else{"
"0","  jews = read_csv(""./Data/jews.csv"")"
"0","}"
"2","Error: './Data/jews.csv' does not exist in current working directory ('/Users/emildammals/Desktop/Historie/2_semester/DAM/JewsInDanishNewspapersFinal').
"
