{"chunk_definitions":[{"row":18,"row_count":1,"visible":true,"expansion_state":0,"options":{"engine":"r","label":"setup","include":false,"dev":"png"},"document_id":"14E40F21","chunk_id":"csetup_chunk","chunk_label":"setup"},{"row":30,"row_count":1,"visible":true,"expansion_state":0,"options":{"engine":"r","label":"unnamed-chunk-2","dev":"png"},"document_id":"14E40F21","chunk_id":"cuzmhkdrumb46","chunk_label":"unnamed-chunk-1"}],"doc_write_time":1716740916,"working_dir":null,"default_chunk_options":{"echo":true}}